{"cameraMode":{"drawMode":0,"name":"Shaded","section":"Shading Mode"},"sceneLighting":true,"audioPlay":false,"sceneViewState":{"m_AlwaysRefresh":false,"showFog":true,"showSkybox":true,"showFlares":true,"showImageEffects":true,"showParticleSystems":true,"showVisualEffectGraphs":true,"m_FxEnabled":false},"in2DMode":false,"pivot":{"x":991.0136108398438,"y":518.8707275390625,"z":-429.2662658691406},"rotation":{"x":0.0078114792704582218,"y":0.002977238968014717,"z":0.00014788952830713242,"w":1.0001963376998902},"size":206.45362854003907,"orthographic":false}