{"cameraMode":{"drawMode":0,"name":"Shaded","section":"Shading Mode"},"sceneLighting":true,"audioPlay":false,"sceneViewState":{"m_AlwaysRefresh":false,"showFog":true,"showSkybox":true,"showFlares":true,"showImageEffects":true,"showParticleSystems":true,"showVisualEffectGraphs":true,"m_FxEnabled":false},"in2DMode":false,"pivot":{"x":1050.3939208984375,"y":502.080078125,"z":-1211.6885986328125},"rotation":{"x":-0.0011914754286408425,"y":0.007816738449037075,"z":-0.00011913711205124855,"w":1.0000497102737427},"size":1.8704310655593873,"orthographic":false}