{"cameraMode":{"drawMode":0,"name":"Shaded","section":"Shading Mode"},"sceneLighting":true,"audioPlay":false,"sceneViewState":{"m_AlwaysRefresh":false,"showFog":true,"showSkybox":true,"showFlares":true,"showImageEffects":true,"showParticleSystems":true,"showVisualEffectGraphs":true,"m_FxEnabled":false},"in2DMode":false,"pivot":{"x":7.109760761260986,"y":13.954900741577149,"z":6.446187496185303},"rotation":{"x":-0.0016071238787844778,"y":0.9985995888710022,"z":-0.0407700277864933,"w":-0.03597934916615486},"size":0.4187818765640259,"orthographic":false}