{"cameraMode":{"drawMode":0,"name":"Shaded","section":"Shading Mode"},"sceneLighting":true,"audioPlay":false,"sceneViewState":{"m_AlwaysRefresh":false,"showFog":true,"showSkybox":true,"showFlares":true,"showImageEffects":true,"showParticleSystems":true,"showVisualEffectGraphs":true,"m_FxEnabled":false},"in2DMode":false,"pivot":{"x":2.6408395767211916,"y":15.484609603881836,"z":2.6556053161621095},"rotation":{"x":0.026719361543655397,"y":0.9721754193305969,"z":-0.13828974962234498,"w":0.18744908273220063},"size":10.957015037536621,"orthographic":true}